"","emails"
"1","kundenservice@nordlb.de"
"2","kundenservice@nordlb.de"
"3","kundenservice@nordlb.de"
"4","datenschutz@nordlb.de"
"5","kundenservice@nordlb.de"
"6","kundenservice@nordlb.de"
"7","kundenservicecenter@nordlb.de"
"8","kundenservicecenter@nordlb.de"
"9","vr@dihk.de"
"10","kundenservice@nordlb.de"
"11","kundenservice@nordlb.de"
"12","kundenservice@blsk.de"
"13","kundenservice@blsk.de"
"14","kundenservice@nordlb.de"
"15","kundenservice@nordlb.de"
"16","kundenservice@nordlb.de"
"17","apexcharts@3/dist"
